{
    "app":{},
    "app_ios":{

        "alviere_sdk_accounts_dossier_title_passport":"testValues",
        "alviere_sdk_accounts_dossier_title_driver_license_front":"testValues",
        "alviere_sdk_accounts_dossier_title_driver_license_back":"testValues",
        "alviere_sdk_accounts_dossier_title_selfie":"testValues",
        "alviere_sdk_accounts_dossier_title_proof_of_address":"testValues",
        "alviere_sdk_accounts_dossier_title_id_document_front":"testValues",
        "alviere_sdk_accounts_dossier_title_id_document_back":"testValues",
        "alviere_sdk_accounts_dossier_title_proof_of_funds":"testValues",
        "alviere_sdk_accounts_dossier_title_mc_document_front":"testValues",
        "alviere_sdk_accounts_dossier_title_mc_document_back":"testValues",
        "alviere_sdk_accounts_dossier_title_ine_document_front":"testValues",
        "alviere_sdk_accounts_dossier_title_ine_document_back":"testValues",
        "alviere_sdk_accounts_dossier_title_passport_detail":"testValues",
        "alviere_sdk_accounts_dossier_title_driver_license_front_detail":"testValues",
        "alviere_sdk_accounts_dossier_title_driver_license_back_detail":"testValues",
        "alviere_sdk_accounts_dossier_title_selfie_detail":"testValues",
        "alviere_sdk_accounts_dossier_title_proof_of_address_detail":"testValues",
        "alviere_sdk_accounts_dossier_title_id_document_front_detail":"testValues",
        "alviere_sdk_accounts_dossier_title_id_document_back_detail":"testValues",
        "alviere_sdk_accounts_dossier_title_proof_of_funds_detail":"testValues",
        "alviere_sdk_accounts_dossier_title_mc_document_front_detail":"testValues",
        "alviere_sdk_accounts_dossier_title_mc_document_back_detail":"testValues",
        "alviere_sdk_accounts_dossier_title_ine_document_front_detail":"testValues",
        "alviere_sdk_accounts_dossier_title_ine_document_back_detail":"testValues",
        "alviere_sdk_accounts_dossier_hint_glare":"testValues",
        "alviere_sdk_accounts_dossier_hint_low_contrast":"testValues",
        "alviere_sdk_accounts_dossier_hint_busy_background":"testValues",
        "alviere_sdk_accounts_dossier_hint_not_check_back":"testValues",
        "alviere_sdk_accounts_dossier_hint_not_check_front":"testValues",
        "alviere_sdk_accounts_dossier_hint_nothing":"testValues",
        "alviere_sdk_accounts_dossier_hint_too_dim":"testValues",
        "alviere_sdk_accounts_dossier_hint_too_bright":"testValues",
        "alviere_sdk_accounts_dossier_hint_not_sharp":"testValues",
        "alviere_sdk_accounts_dossier_hint_rotation":"testValues",
        "alviere_sdk_accounts_dossier_hint_angle_too_large":"testValues",
        "alviere_sdk_accounts_dossier_hint_too_close":"testValues",
        "alviere_sdk_accounts_dossier_hint_too_far":"testValues",
        "alviere_sdk_accounts_dossier_hint_hold_steady":"testValues",
        "alviere_sdk_accounts_dossier_hint_face_center":"testValues",
        "alviere_sdk_accounts_dossier_hint_face_low_lighting":"testValues",
        "alviere_sdk_accounts_dossier_hint_face_no_face":"testValues",
        "alviere_sdk_accounts_dossier_hint_face_get_closer":"testValues",
        "alviere_sdk_accounts_dossier_hint_face_get_farther":"testValues",
        "alviere_sdk_accounts_dossier_hint_face_hold_device_upright":"testValues",
        "alviere_sdk_accounts_dossier_hint_face_hold_still":"testValues",
        "alviere_sdk_accounts_dossier_hint_face_stop_smiling":"testValues",
        "alviere_sdk_accounts_dossier_hint_face_smile":"testValues",
        "alviere_sdk_accounts_dossier_warning_not_portrait":"testValues",
        "alviere_sdk_accounts_dossier_step":"testValues",
        "alviere_sdk_accounts_dossier_preview_title":"testValues",
        "alviere_sdk_accounts_dossier_preview_retake":"testValues",
        "alviere_sdk_accounts_dossier_preview_ok":"testValues",
        "alviere_sdk_accounts_dossier_completed_title":"testValues",
        "alviere_sdk_accounts_dossier_error_title":"testValues",
        "alviere_sdk_accounts_dossier_error_generic":"testValues",
        "alviere_sdk_accounts_dossier_error_retry":"testValues",
        "alviere_sdk_error_generic":"testValues",

        "alviere_sdk_vo_payments_error_on_field":"testValues",
        "alviere_sdk_payments_deposit_check_title_check_front":"testValues",
        "alviere_sdk_payments_deposit_check_title_check_back":"testValues",
        "alviere_sdk_payments_deposit_check_hint_glare":"testValues",
        "alviere_sdk_payments_deposit_check_hint_low_contrast":"testValues",
        "alviere_sdk_payments_deposit_check_hint_busy_background":"testValues",
        "alviere_sdk_payments_deposit_check_hint_not_check_back":"testValues",
        "alviere_sdk_payments_deposit_check_hint_not_check_front":"testValues",
        "alviere_sdk_payments_deposit_check_hint_nothing":"testValues",
        "alviere_sdk_payments_deposit_check_hint_too_dim":"testValues",
        "alviere_sdk_payments_deposit_check_hint_too_bright":"testValues",
        "alviere_sdk_payments_deposit_check_hint_not_sharp":"testValues",
        "alviere_sdk_payments_deposit_check_hint_rotation":"testValues",
        "alviere_sdk_payments_deposit_check_hint_angle_too_large":"testValues",
        "alviere_sdk_payments_deposit_check_hint_too_close":"testValues",
        "alviere_sdk_payments_deposit_check_hint_too_far":"testValues",
        "alviere_sdk_payments_deposit_check_hint_hold_steady":"testValues",
        "alviere_sdk_payments_deposit_check_warning_not_portrait":"testValues",
        "alviere_sdk_payments_deposit_check_step":"testValues",
        "alviere_sdk_payments_deposit_check_preview_title":"testValues",
        "alviere_sdk_payments_deposit_check_preview_retake":"testValues",
        "alviere_sdk_payments_deposit_check_preview_ok":"testValues",
        "alviere_sdk_payments_deposit_check_completed_title":"testValues",
        "alviere_sdk_payments_deposit_check_error_title":"testValues",
        "alviere_sdk_payments_deposit_check_error_generic":"testValues",
        "alviere_sdk_payments_deposit_check_error_retry":"testValues",
        "alviere_sdk_loading_title":"testValues",
        "alviere_sdk_error_title":"testValues",
        "alviere_sdk_error_try_again":"testValues",
        "alviere_sdk_vo_loading_done":"testValues"
    },
    "app_android":{

        "alviere_sdk_accounts_documents_title_id_document_front":"testValues",
        "alviere_sdk_accounts_documents_title_id_document_back":"testValues",
        "alviere_sdk_accounts_documents_title_driver_license_front":"testValues",
        "alviere_sdk_accounts_documents_title_driver_license_back":"testValues",
        "alviere_sdk_accounts_documents_title_mc_document_front":"testValues",
        "alviere_sdk_accounts_documents_title_mc_document_back":"testValues",
        "alviere_sdk_accounts_documents_title_ine_document_front":"testValues",
        "alviere_sdk_accounts_documents_title_ine_document_back":"testValues",
        "alviere_sdk_accounts_documents_title_passport":"testValues",
        "alviere_sdk_accounts_documents_title_proof_of_address":"testValues",
        "alviere_sdk_accounts_documents_title_proof_of_funds":"testValues",
        "alviere_sdk_accounts_documents_title_selfie":"testValues",
        "alviere_sdk_accounts_documents_message_id_document_front":"testValues",
        "alviere_sdk_accounts_documents_message_id_document_back":"testValues",
        "alviere_sdk_accounts_documents_message_driver_license_front":"testValues",
        "alviere_sdk_accounts_documents_message_driver_license_back":"testValues",
        "alviere_sdk_accounts_documents_message_mc_document_front":"testValues",
        "alviere_sdk_accounts_documents_message_mc_document_back":"testValues",
        "alviere_sdk_accounts_documents_message_ine_document_front":"testValues",
        "alviere_sdk_accounts_documents_message_ine_document_back":"testValues",
        "alviere_sdk_accounts_documents_message_passport":"testValues",
        "alviere_sdk_accounts_documents_message_proof_of_address":"testValues",
        "alviere_sdk_accounts_documents_message_proof_of_funds":"testValues",
        "alviere_sdk_accounts_documents_message_selfie":"testValues",
        "alviere_sdk_accounts_documents_message_selfie_manual":"testValues",
        "alviere_sdk_accounts_documents_step":"testValues",
        "alviere_sdk_accounts_documents_is_photo_ok":"testValues",
        "alviere_sdk_accounts_documents_accept_photo":"testValues",
        "alviere_sdk_accounts_documents_retake":"testValues",
        "alviere_sdk_accounts_documents_success":"testValues",
        "alviere_sdk_accounts_loading_title":"testValues",
        "alviere_sdk_accounts_loading_message":"testValues",

        "alviere_sdk_payments_documents_title_check_deposit_front":"testValues",
        "alviere_sdk_payments_documents_title_check_deposit_back":"testValues",
        "alviere_sdk_payments_documents_step":"testValues",
        "alviere_sdk_payments_documents_is_photo_ok":"testValues",
        "alviere_sdk_payments_documents_accept_photo":"testValues",
        "alviere_sdk_payments_documents_retake":"testValues",
        "alviere_sdk_payments_documents_success":"testValues",
        "alviere_sdk_payments_loading_title":"testValues",
        "alviere_sdk_payments_loading_message":"testValues",
        "alviere_sdk_payments_try_again_error_message":"testValues",
        "alviere_sdk_payments_try_again_error_button_text":"testValues",
        

        "alviere_sdk_accounts_facialcapture_hint_no_face":"testValues",
        "alviere_sdk_accounts_facialcapture_hint_multiple_faces":"testValues",
        "alviere_sdk_accounts_facialcapture_hint_face_center":"testValues",
        "alviere_sdk_accounts_facialcapture_hint_get_farther":"testValues",
        "alviere_sdk_accounts_facialcapture_hint_get_closer":"testValues",
        "alviere_sdk_accounts_facialcapture_hint_smile":"testValues",
        "alviere_sdk_accounts_facialcapture_hint_stop_smiling":"testValues",
        "alviere_sdk_accounts_facialcapture_hint_press_capture_button":"testValues",
        "alviere_sdk_accounts_facialcapture_hint_hold_still":"testValues",
        "alviere_sdk_accounts_misnap_hint_too_dim":"testValues",
        "alviere_sdk_accounts_misnap_hint_too_bright":"testValues",
        "alviere_sdk_accounts_misnap_hint_hold_steady":"testValues",
        "alviere_sdk_accounts_misnap_hint_too_far":"testValues",
        "alviere_sdk_accounts_misnap_hint_too_close":"testValues",
        "alviere_sdk_accounts_misnap_hint_angle_too_large":"testValues",
        "alviere_sdk_accounts_misnap_hint_angle_rotation":"testValues",
        "alviere_sdk_accounts_misnap_hint_glare":"testValues",
        "alviere_sdk_accounts_misnap_hint_busy_background":"testValues",
        "alviere_sdk_accounts_misnap_hint_low_contrast":"testValues",
        "alviere_sdk_accounts_misnap_hint_wrong_document":"testValues",
        "alviere_sdk_accounts_try_again_error_message":"testValues",
        "alviere_sdk_accounts_try_again_error_button_text":"testValues",

        "alviere_sdk_payments_misnap_hint_too_dim":"testValues",
        "alviere_sdk_payments_misnap_hint_too_bright":"testValues",
        "alviere_sdk_payments_misnap_hint_hold_steady":"testValues",
        "alviere_sdk_payments_misnap_hint_too_far":"testValues",
        "alviere_sdk_payments_misnap_hint_too_close":"testValues",
        "alviere_sdk_payments_misnap_hint_angle_too_large":"testValues",
        "alviere_sdk_payments_misnap_hint_angle_rotation":"testValues",
        "alviere_sdk_payments_misnap_hint_glare":"testValues",
        "alviere_sdk_payments_misnap_hint_busy_background":"testValues",
        "alviere_sdk_payments_misnap_hint_low_contrast":"testValues",
        "alviere_sdk_payments_misnap_hint_wrong_document":"testValues",
        "alviere_sdk_payments_misnap_hint_not_check_back":"testValues",
        "alviere_sdk_payments_misnap_hint_not_check_front":"testValues"
    }
}


